<?xml version='1.0' encoding='UTF-8' ?>
<timeLogEntries>
  <time id="1" path="/Non Project/PSP for Engineers/Program 1/Planning" start="@1456086440247" delta="1" />
  <time id="2" path="/Non Project/PSP for Engineers/Program 1/Planning" start="@1456087018201" delta="26" interrupt="2" />
  <time id="3" path="/Non Project/PSP for Engineers/Program 1/Design" start="@1456088889842" delta="14" />
  <time id="4" path="/Non Project/PSP for Engineers/Program 1/Design" start="@1456194173875" delta="14" />
  <time id="5" path="/Non Project/PSP for Engineers/Program 1/Design" start="@1456270429288" delta="19" />
  <time id="6" path="/Non Project/PSP for Engineers/Program 1/Code" start="@1456271601812" delta="10" />
  <time id="7" path="/Non Project/PSP for Engineers/Program 1/Code" start="@1456272805097" delta="3" />
  <time id="8" path="/Non Project/PSP for Engineers/Program 1/Code" start="@1456274650400" delta="3" />
  <time id="9" path="/Non Project/PSP for Engineers/Program 1/Code" start="@1456275205353" delta="12" />
  <time id="10" path="/Non Project/PSP for Engineers/Program 1/Code" start="@1456275932610" delta="1" />
  <time id="11" path="/Non Project/PSP for Engineers/Program 1/Code" start="@1456278777204" delta="126" interrupt="5" />
  <time id="12" path="/Non Project/PSP for Engineers/Program 1/Code" start="@1456355896205" delta="10" />
  <time id="13" path="/Non Project/PSP for Engineers/Program 1/Code" start="@1456359177522" delta="17" />
  <time id="14" path="/Non Project/PSP for Engineers/Program 1/Code" start="@1456362646172" delta="3" />
  <time id="15" path="/Non Project/PSP for Engineers/Program 1/Code" start="@1456405805975" delta="30" />
  <time id="16" path="/Non Project/PSP for Engineers/Program 1/Code" start="@1456418827475" delta="22" interrupt="3" />
  <time id="17" path="/Non Project/PSP for Engineers/Program 1/Code" start="@1456421252354" delta="19" />
  <time id="18" path="/Non Project/PSP for Engineers/Program 1/Code" start="@1456422784826" delta="7" />
  <time id="19" path="/Non Project/PSP for Engineers/Program 1/Code" start="@1456423912465" delta="2" />
  <time id="20" path="/Non Project/PSP for Engineers/Program 1/Code" start="@1456426289041" delta="4" />
  <time id="21" path="/Non Project/PSP for Engineers/Program 1/Code" start="@1456434631978" delta="18" interrupt="1" />
  <time id="22" path="/Non Project/PSP for Engineers/Program 1/Code" start="@1456436227447" delta="5" interrupt="19" />
  <time id="23" path="/Non Project/PSP for Engineers/Program 1/Code" start="@1456438290719" delta="25" />
  <time id="24" path="/Non Project/PSP for Engineers/Program 1/Test" start="@1456439790649" delta="4" />
  <time id="25" path="/Non Project/PSP for Engineers/Program 1/Test" start="@1456443177483" delta="15" />
  <time id="26" path="/Non Project/PSP for Engineers/Program 2/Planning" start="@1457011467951" delta="35" />
  <time id="27" path="/Non Project/PSP for Engineers/Program 1/Design" start="@1457108785436" delta="6" />
  <time id="28" path="/Non Project/PSP for Engineers/Program 1/Code" start="@1457109287141" delta="35" />
  <time id="29" path="/Non Project/PSP for Engineers/Program 1/Code" start="@1457185039893" delta="61" interrupt="1" />
  <time id="30" path="/Non Project/PSP for Engineers/Program 2/Planning" start="@1457193239745" delta="11" interrupt="39" />
  <time id="31" path="/Non Project/PSP for Engineers/Program 2/Code" start="@1457199244927" delta="12" />
  <time id="32" path="/Non Project/PSP for Engineers/Program 2/Design" start="@1457200082296" delta="8" />
  <time id="33" path="/Non Project/PSP for Engineers/Program 2/Design" start="@1457310512257" delta="2" />
  <time id="34" path="/Non Project/PSP for Engineers/Program 2/Design" start="@1457315903757" delta="3" />
  <time id="35" path="/Non Project/PSP for Engineers/Program 2/Design" start="@1457316329241" delta="8" />
  <time id="36" path="/Non Project/PSP for Engineers/Program 2/Design" start="@1457317241578" delta="24" />
  <time id="37" path="/Non Project/PSP for Engineers/Program 2/Code" start="@1457318691469" delta="3" />
  <time id="38" path="/Non Project/PSP for Engineers/Program 2/Code" start="@1457319270378" delta="12" />
  <time id="39" path="/Non Project/PSP for Engineers/Program 2/Code" start="@1457321021241" delta="44" />
  <time id="40" path="/Non Project/PSP for Engineers/Program 2/Code" start="@1457402979776" delta="9" />
  <time id="41" path="/Non Project/PSP for Engineers/Program 2/Design" start="@1457403649139" delta="2" />
  <time id="42" path="/Non Project/PSP for Engineers/Program 2/Code" start="@1457404009404" delta="5" />
  <time id="43" path="/Non Project/PSP for Engineers/Program 2/Code" start="@1457404983056" delta="23" interrupt="3" />
  <time id="44" path="/Non Project/PSP for Engineers/Program 2/Design" start="@1457406587771" delta="6" />
  <time id="45" path="/Non Project/PSP for Engineers/Program 2/Code" start="@1457406981686" delta="18" interrupt="4" />
  <time id="46" path="/Non Project/PSP for Engineers/Program 2/Code" start="@1457408617532" delta="6" interrupt="14" />
  <time id="47" path="/Non Project/PSP for Engineers/Program 2/Code" start="@1457410202415" delta="22" interrupt="1" />
  <time id="48" path="/Non Project/PSP for Engineers/Program 2/Code" start="@1457412182851" delta="31" interrupt="4" />
  <time id="49" path="/Non Project/PSP for Engineers/Program 2/Code" start="@1457414595767" delta="13" />
  <time id="50" path="/Non Project/PSP for Engineers/Program 2/Test" start="@1457415400069" delta="13" />
  <time id="51" path="/Non Project/PSP for Engineers/Program 2/Code" start="@1457416419000" delta="9" />
</timeLogEntries>
